"Reference","Value","Footprint","MPN","Qty"
"C1","100nF","Capacitor_SMD:C_0603_1608Metric","",""
"C2","100nF","Capacitor_SMD:C_0603_1608Metric","",""
"C3","100nF","Capacitor_SMD:C_0603_1608Metric","",""
"C4","100nF","Capacitor_SMD:C_0603_1608Metric","",""
"C5","100nF","Capacitor_SMD:C_0603_1608Metric","",""
"C6","100nF","Capacitor_SMD:C_0603_1608Metric","",""
"C7","100nF","Capacitor_SMD:C_0603_1608Metric","",""
"C8","100nF","Capacitor_SMD:C_0603_1608Metric","",""
"C9","100nF","Capacitor_SMD:C_0603_1608Metric","",""
"C10","10uF","Capacitor_SMD:C_0805_2012Metric","",""
"C11","10uF","Capacitor_SMD:C_0805_2012Metric","",""
"C12","10uF","Capacitor_SMD:C_0805_2012Metric","",""
"D1","BAT54S","Package_TO_SOT_SMD:SOT-23","",""
"D2","BAT54S","Package_TO_SOT_SMD:SOT-23","",""
"D3","BAT54S","Package_TO_SOT_SMD:SOT-23","",""
"D4","BAT54S","Package_TO_SOT_SMD:SOT-23","",""
"D5","BAT54S","Package_TO_SOT_SMD:SOT-23","",""
"D6","BAT54S","Package_TO_SOT_SMD:SOT-23","",""
"D7","BAT54S","Package_TO_SOT_SMD:SOT-23","",""
"D8","BAT54S","Package_TO_SOT_SMD:SOT-23","",""
"D9","BAT54S","Package_TO_SOT_SMD:SOT-23","",""
"D10","BAT54S","Package_TO_SOT_SMD:SOT-23","",""
"D11","BAT54S","Package_TO_SOT_SMD:SOT-23","",""
"D12","BAT54S","Package_TO_SOT_SMD:SOT-23","",""
"D13","BAT54S","Package_TO_SOT_SMD:SOT-23","",""
"D14","BAT54S","Package_TO_SOT_SMD:SOT-23","",""
"D15","BAT54S","Package_TO_SOT_SMD:SOT-23","",""
"D16","BAT54S","Package_TO_SOT_SMD:SOT-23","",""
"D17","BAT54S","Package_TO_SOT_SMD:SOT-23","",""
"J1","IDC-40 task-PC event bus","Connector_PinHeader_2.54mm:PinHeader_2x20_P2.54mm_Vertical","",""
"J2","IDC-40 Pi event bus","Connector_PinHeader_2.54mm:PinHeader_2x20_P2.54mm_Vertical","",""
"J3","BARCODE_OUT test points","Connector_PinHeader_2.54mm:PinHeader_1x04_P2.54mm_Vertical","",""
"J4","Isolated-domain outputs","TerminalBlock_Phoenix:TerminalBlock_Phoenix_MKDS-1,5-4_1x04_P5.00mm_Horizontal","",""
"J5","Opto spare 1 bench injection","Connector_PinHeader_2.54mm:PinHeader_1x02_P2.54mm_Vertical","",""
"J6","Opto spare 2 bench injection","Connector_PinHeader_2.54mm:PinHeader_1x02_P2.54mm_Vertical","",""
"J7","ISO_5V/ISO_GND test point","Connector_PinHeader_2.54mm:PinHeader_1x02_P2.54mm_Vertical","",""
"J8","+5V DC in","Connector_BarrelJack:BarrelJack_CUI_PJ-102AH_Horizontal","",""
"R1","100","Resistor_SMD:R_0603_1608Metric","",""
"R2","330","Resistor_SMD:R_0603_1608Metric","",""
"R3","100","Resistor_SMD:R_0603_1608Metric","",""
"R4","330","Resistor_SMD:R_0603_1608Metric","",""
"R5","100","Resistor_SMD:R_0603_1608Metric","",""
"R6","100","Resistor_SMD:R_0603_1608Metric","",""
"R7","100","Resistor_SMD:R_0603_1608Metric","",""
"R8","100","Resistor_SMD:R_0603_1608Metric","",""
"R9","100","Resistor_SMD:R_0603_1608Metric","",""
"R10","100","Resistor_SMD:R_0603_1608Metric","",""
"R11","100","Resistor_SMD:R_0603_1608Metric","",""
"R12","100","Resistor_SMD:R_0603_1608Metric","",""
"R13","100","Resistor_SMD:R_0603_1608Metric","",""
"R14","100","Resistor_SMD:R_0603_1608Metric","",""
"R15","100","Resistor_SMD:R_0603_1608Metric","",""
"R16","100","Resistor_SMD:R_0603_1608Metric","",""
"R17","100","Resistor_SMD:R_0603_1608Metric","",""
"R18","100","Resistor_SMD:R_0603_1608Metric","",""
"R19","100","Resistor_SMD:R_0603_1608Metric","",""
"R20","160","Resistor_SMD:R_0603_1608Metric","",""
"R21","1k","Resistor_SMD:R_0603_1608Metric","",""
"R22","330","Resistor_SMD:R_0603_1608Metric","",""
"R23","1k","Resistor_SMD:R_0603_1608Metric","",""
"R24","330","Resistor_SMD:R_0603_1608Metric","",""
"R25","1k","Resistor_SMD:R_0603_1608Metric","",""
"R26","330","Resistor_SMD:R_0603_1608Metric","",""
"R27","1k","Resistor_SMD:R_0603_1608Metric","",""
"U1","SN74LVC541APW","Package_SO:Texas_PW0020A_TSSOP-20_4.4x6.5mm_P0.65mm","",""
"U2","SN74LVC541APW","Package_SO:Texas_PW0020A_TSSOP-20_4.4x6.5mm_P0.65mm","",""
"U3","SN74LVC541APW","Package_SO:Texas_PW0020A_TSSOP-20_4.4x6.5mm_P0.65mm","",""
"U4","SN74HCT541PW","Package_SO:Texas_PW0020A_TSSOP-20_4.4x6.5mm_P0.65mm","",""
"U5","HCPL-4661","Package_DIP:DIP-8_W7.62mm","",""
"U6","HCPL-4661","Package_DIP:DIP-8_W7.62mm","",""
"U7","TMA-0505S","Converter_DCDC:Converter_DCDC_TRACO_TMA-05xxS_12xxS_Single_THT","",""
"U8","LD1117S33TR","Package_TO_SOT_SMD:SOT-223-3_TabPin2","",""
