"Reference","Value","Footprint","Order Code","Note"
"C1,C3,C5,C8,C10,C11,C14,C16,C17,C20,C133,C135,C136,C138,C147,C155","10uF","Capacitor_SMD:C_0805_2012Metric,Capacitor_SMD:C_1206_3216Metric","GENERIC — not a locked MPN","0805 (power.kicad_sch) or 1206 (opto sheets) X7R ceramic; 5+ mfr (Yageo/Murata/Kemet/Samsung/TDK/Vishay/Panasonic) — procurement-check.md §5.4/§7. Row includes 2 DNP refs (C135, C136) — §2. C147 is power.kicad_sch's own FAN_12V bulk cap (fan-header addendum), same 0805/X7R class, no new sourcing question."
"C2,C4,C6,C7,C9,C15,C21-C28,C30-C47,C52,C53,C58-C132,C134,C137,C139-C143,C145,C146,C148,C150-C154,C156-C158","100nF","Capacitor_SMD:C_0603_1608Metric","GENERIC — not a locked MPN","0603 X7R ceramic, multi-source — §5.4. C148 is power.kicad_sch's own FAN_12V small-signal decoupling cap (fan-header addendum); C150 is the panel-instrumentation task's own reward one-shot (U69) decoupling cap (2026-08-15) — same 0603/X7R class as every other IC decoupler on this board, no new sourcing question. C29 LEAVES this group (panel-instrumentation task) — it is the reward debounce cap, now 1uF, not 100nF — see that row below."
"C12,C13,C18,C19","10nF","Capacitor_SMD:C_0603_1608Metric","GENERIC — not a locked MPN","0603 ceramic, multi-source — §5.4."
"C29,C149","1uF","Capacitor_SMD:C_0603_1608Metric","GENERIC — not a locked MPN","0603 X7R ceramic (16V-rated 1uF in 0603 is a common, real, multi-source value), multi-source — §5.4. Panel-instrumentation task (2026-08-15): C29 is the reward debounce cap (10k x 1uF = 10ms, spec Sec.3.1, up from 100nF — see the 100nF row's own note for why it moved out of that group), C149 is the reward one-shot's own Cext timing capacitor (gen_breakout_taskpc_digital.py's own place_reward_oneshot() docstring)."
"C48,C50","22pF","Capacitor_SMD:C_0603_1608Metric","GENERIC — not a locked MPN","0603 C0G/NP0 ceramic — C0G is required here, not X7R: this is a TIA compensation capacitor and its value must not shift with bias or temperature. NEW value at finding M1 (2026-08-16), was 3.3pF."
"C49,C51","6.8nF","Capacitor_SMD:C_0603_1608Metric","GENERIC — not a locked MPN","0603 ceramic, multi-source — §5.4."
"C54","1.2nF","Capacitor_SMD:C_0603_1608Metric","GENERIC — not a locked MPN","0603 ceramic, multi-source — §5.4."
"C55","1.0nF","Capacitor_SMD:C_0603_1608Metric","GENERIC — not a locked MPN","0603 ceramic, multi-source — §5.4."
"C56","1.5nF","Capacitor_SMD:C_0603_1608Metric","GENERIC — not a locked MPN","0603 ceramic, multi-source — §5.4."
"C57","220pF","Capacitor_SMD:C_0603_1608Metric","GENERIC — not a locked MPN","0603 ceramic, multi-source — §5.4."
"C144","220nF","Capacitor_SMD:C_0603_1608Metric","GENERIC — not a locked MPN","0603 ceramic, multi-source — §5.4."
"D1-D3,D44","SS14","Diode_SMD:D_SMA_Handsoldering","GENERIC — not a locked MPN","Commodity Schottky, multi-mfr (onsemi/MCC/Diotec/Nexperia/SMC/TSC) — §5.3."
"D4-D39","BAT54S","Package_TO_SOT_SMD:SOT-23","GENERIC — not a locked MPN","Commodity dual-diode, same multi-mfr list — §5.3."
"D40-D43","LED","LED_SMD:LED_0603_1608Metric_Pad1.05x0.95mm_HandSolder","GENERIC — not a locked MPN","0603 SMD indicator LED, multi-source (any 0603 red/green ~2V Vf part; Kingbright/Lite-On/Rohm/Everlight all stock equivalents) — commodity, no supply risk. Panel-instrumentation task (2026-08-15, spec Sec.9.8): D40/D41/D42 are the +12V/-12V/+5V power-good indicators (R192/R193/R194 their own series resistors, ~4.5mA target); D43 is the barcode heartbeat LED (R195, ~7.7mA target) — see gen_breakout_power.py's own _place_power_good_leds() and gen_breakout_pi_interface.py's own trigger-buffer section for the derivations. Exact color/part is a layout-stage/procurement decision, same status as every BNC's own MPN on this board."
"F1-F3","1206L050/15YR","Fuse:Fuse_1206_3216Metric_Pad1.42x1.75mm_HandSolder","1206L050/15YR","Littelfuse. Active, PPTC resettable fuse (500mA hold / 1A trip / 15V max), 1206. 122,476 in stock at DigiKey, 13-week mfr lead — well-stocked at this 8-unit run size (grew from 5 -- panel-instrumentation task, 2026-08-15, spec Sec.9.8: F2/F3/F4 are the +12V/-12V/+5V main-input fuses, same real part as F1's own fan feed, reused rather than a fourth new fuse number — see gen_breakout_power.py's own _place_inlet() docstring for the sizing rationale and the +-12V margin caveat, flagged there for bench confirmation) — procurement-check.md addendum."
"F4","1206L110-C","Fuse:Fuse_1206_3216Metric_Pad1.42x1.75mm_HandSolder","1206L110-C","Littelfuse. PPTC resettable fuse (1.10A hold / 2.20A trip / 6V max), 1206. NEW at finding M7 (2026-08-16) — F4 alone, NOT the same part as F1/F2/F3. The +5V rail carries 392mA typ / 495mA max once finding F1 raised the optocoupler drive, and 1206L050 holds only ~0.44A at this chassis's 35°C ambient, so it would trip in normal operation. NOTE V_max is 6Vdc, not 15 — in the 1206L series the elevated-voltage variants exist only at the two lowest hold currents, so this part suits +5V and MUST NOT be substituted onto the ±12V rails. Confirm stock and current revision before ordering; figures here are read from the 2006 Electronics Designers Guide revision (Littelfuse's own asset URL returns 403)."
"FB1-FB3","600R@100MHz","Inductor_SMD:L_0805_2012Metric,Inductor_SMD:L_0805_2012Metric_Pad1.05x1.20mm_HandSolder","GENERIC — not individually distributor-checked","Commodity ferrite bead, 0805/1206 SMD; not itemized in procurement-check.md's own stock tables — verify a specific MPN at order time. Row includes 1 DNP ref (FB3) — §2."
"J1","M12A_5","wl-sync:M12A_5_Panel","M12A-05PFFP-SF8001","Amphenol LTW, Active, 811 in stock at DigiKey — README.md 'Custom connector footprints', procurement-check.md §5.2"
"J2","Connector 0 (analog + AISENSE, task PC NI)","wl-sync:MDR68_Male_RightAngle","3700-0121-01","MH Connectors, Active. Not found at DigiKey/Mouser; RS Components ~541 units and Distrelec in-stock, both search-result level (fix round 1) — procurement-check.md §5.2, §6"
"J3","Connector 1 (digital, task PC NI)","wl-sync:MDR68_Male_RightAngle","3700-0121-01","MH Connectors, Active. Not found at DigiKey/Mouser; RS Components ~541 units and Distrelec in-stock, both search-result level (fix round 1) — procurement-check.md §5.2, §6"
"J4","Manual reward button (panel, recessed)","Button_Switch_THT:SW_PUSH-12mm","NOT LOCKED — 12mm panel pushbutton family","REAL panel/chassis-mount momentary pushbutton footprint (panel-instrumentation task, 2026-08-15 — was a generic 2-pin header placeholder, see design-review.md's own history). Not locked to a specific MPN: RECESSED bezel (spec Sec.3.1 — "" a sleeve or cable cannot dispense fluid"") is a real, common panel-pushbutton feature (e.g. APEM/E-Switch 12-16mm IP65 metal pushbutton families), but the exact part is a layout-stage/procurement decision this schematic-capture task does not make, same status as every BNC's own MPN on this board. Confirm before the panel is machined."
"J5","Remote reward BNC (parallel to panel button; locking -- no TRS mating transient)","Connector_Coaxial:BNC_PanelMountable_Vertical","NOT LOCKED — BNC family","BNC family, not locked to a specific MPN — candidate family in procurement-check.md §5.2 (Amphenol RF, e.g. 031-6575/031-6576), 1,000+ units/candidate MPN at DigiKey, no supply risk. Panel-instrumentation task (2026-08-15): was the reward remote's own generic 2-pin header placeholder for an eventual 3.5mm TRS jack (design-review.md's own history) — now a real BNC instead. THIS REMOVES THE 3.5MM TRS FROM THE DESIGN ENTIRELY: no TRS footprint/symbol exists anywhere on this board any more (confirmed by grep across every generator and every committed sheet) — do not source a TRS jack against any line in this file."
"J6","Reward driver out (BNC)","Connector_Coaxial:BNC_PanelMountable_Vertical","NOT LOCKED — BNC family","BNC family, not locked to a specific MPN — candidate family in procurement-check.md §5.2 (Amphenol RF, e.g. 031-6575/031-6576), 1,000+ units/candidate MPN at DigiKey, no supply risk. Panel-instrumentation task (2026-08-15): was a generic 2-pin header placeholder (design-review.md's own history) — now a real BNC. The reward DRIVER itself remains unchosen (spec Sec.2, open item 13) — confirm before the panel is machined."
"J7","Sync-module 40-pin GPIO header (Raspberry Pi 5 / CM5 IO Board -- see module docstring)","Connector_PinHeader_2.54mm:PinHeader_2x20_P2.54mm_Vertical","GENERIC — bare 2x20 2.54mm THT header","Any manufacturer; reused stock KiCad footprint, no specific MPN required — README.md 'Toolchain'."
"J8","Barcode -> NI optocoupler (Task 11 placeholder)","Connector_PinHeader_2.54mm:PinHeader_1x02_P2.54mm_Vertical","PLACEHOLDER — Task 11 spare/position","Generic 2-pin header; real MPN only needed if this position is populated."
"J9","Barcode -> Intan optocoupler (Task 11 placeholder)","Connector_PinHeader_2.54mm:PinHeader_1x02_P2.54mm_Vertical","PLACEHOLDER — Task 11 spare/position","Generic 2-pin header; real MPN only needed if this position is populated."
"J10","Barcode spare 1","Connector_PinHeader_2.54mm:PinHeader_1x02_P2.54mm_Vertical","PLACEHOLDER — spare","Generic 2-pin header; real MPN only needed if this position is populated."
"J11","Barcode spare 2","Connector_PinHeader_2.54mm:PinHeader_1x02_P2.54mm_Vertical","PLACEHOLDER — spare","Generic 2-pin header; real MPN only needed if this position is populated."
"J12","Barcode spare 3","Connector_PinHeader_2.54mm:PinHeader_1x02_P2.54mm_Vertical","PLACEHOLDER — spare","Generic 2-pin header; real MPN only needed if this position is populated."
"J13","Eye camera trigger out (BNC)","Connector_Coaxial:BNC_PanelMountable_Vertical","NOT LOCKED — BNC family","BNC family, not locked to a specific MPN — candidate family in procurement-check.md §5.2 (Amphenol RF, e.g. 031-6575/031-6576), 1,000+ units/candidate MPN at DigiKey, no supply risk"
"J14","Behavior camera trigger out 1 (BNC)","Connector_Coaxial:BNC_PanelMountable_Vertical","NOT LOCKED — BNC family","BNC family, not locked to a specific MPN — candidate family in procurement-check.md §5.2 (Amphenol RF, e.g. 031-6575/031-6576), 1,000+ units/candidate MPN at DigiKey, no supply risk"
"J15","Behavior camera trigger out 2 (BNC)","Connector_Coaxial:BNC_PanelMountable_Vertical","NOT LOCKED — BNC family","BNC family, not locked to a specific MPN — candidate family in procurement-check.md §5.2 (Amphenol RF, e.g. 031-6575/031-6576), 1,000+ units/candidate MPN at DigiKey, no supply risk"
"J16","Behavior camera trigger out 3 (BNC)","Connector_Coaxial:BNC_PanelMountable_Vertical","NOT LOCKED — BNC family","BNC family, not locked to a specific MPN — candidate family in procurement-check.md §5.2 (Amphenol RF, e.g. 031-6575/031-6576), 1,000+ units/candidate MPN at DigiKey, no supply risk"
"J17","Behavior camera trigger out 4 (BNC)","Connector_Coaxial:BNC_PanelMountable_Vertical","NOT LOCKED — BNC family","BNC family, not locked to a specific MPN — candidate family in procurement-check.md §5.2 (Amphenol RF, e.g. 031-6575/031-6576), 1,000+ units/candidate MPN at DigiKey, no supply risk"
"J18","Internal USB-A (sync-module port -> Task 12 USB-I2C bridge)","Connector_PinHeader_2.54mm:PinHeader_1x04_P2.54mm_Vertical","GENERIC — bare 2.54mm 1x04 THT header","Any manufacturer; commodity part."
"J19","ACCES I/O USB-AO16-8A mating DB37 -- six eye channels (spec Sec.3.2)","Connector_Dsub:DSUB-37_Pins_Horizontal_P2.77x2.84mm_EdgePinOffset9.90mm_Housed_MountingHolesOffset11.32mm","NOT SOURCED THIS SESSION","Stock KiCad footprint (Connector_Dsub DB37); the specific mating MPN was not identified/distributor-checked in procurement-check.md. Verify against ACCES I/O USB-AO16-8A's own connector spec before ordering."
"J20","Photodiode 1 (passive, coax, photovoltaic mode)","Connector_Coaxial:BNC_PanelMountable_Vertical","NOT LOCKED — BNC family","BNC family, not locked to a specific MPN — candidate family in procurement-check.md §5.2 (Amphenol RF, e.g. 031-6575/031-6576), 1,000+ units/candidate MPN at DigiKey, no supply risk"
"J21","Photodiode 2 (passive, coax, photovoltaic mode)","Connector_Coaxial:BNC_PanelMountable_Vertical","NOT LOCKED — BNC family","BNC family, not locked to a specific MPN — candidate family in procurement-check.md §5.2 (Amphenol RF, e.g. 031-6575/031-6576), 1,000+ units/candidate MPN at DigiKey, no supply risk"
"J22","Microphone (battery-powered, in booth)","Connector_Coaxial:BNC_PanelMountable_Vertical","NOT LOCKED — BNC family","BNC family, not locked to a specific MPN — candidate family in procurement-check.md §5.2 (Amphenol RF, e.g. 031-6575/031-6576), 1,000+ units/candidate MPN at DigiKey, no supply risk"
"J23","Ambient light sensor (battery-powered, in booth)","Connector_Coaxial:BNC_PanelMountable_Vertical","NOT LOCKED — BNC family","BNC family, not locked to a specific MPN — candidate family in procurement-check.md §5.2 (Amphenol RF, e.g. 031-6575/031-6576), 1,000+ units/candidate MPN at DigiKey, no supply risk"
"J24","Accelerometer motion energy (battery-powered custom device)","Connector_Coaxial:BNC_PanelMountable_Vertical","NOT LOCKED — BNC family","BNC family, not locked to a specific MPN — candidate family in procurement-check.md §5.2 (Amphenol RF, e.g. 031-6575/031-6576), 1,000+ units/candidate MPN at DigiKey, no supply risk"
"J25","Joystick X (battery-powered, in booth)","Connector_Coaxial:BNC_PanelMountable_Vertical","NOT LOCKED — BNC family","BNC family, not locked to a specific MPN — candidate family in procurement-check.md §5.2 (Amphenol RF, e.g. 031-6575/031-6576), 1,000+ units/candidate MPN at DigiKey, no supply risk"
"J26","Joystick Y (battery-powered, in booth)","Connector_Coaxial:BNC_PanelMountable_Vertical","NOT LOCKED — BNC family","BNC family, not locked to a specific MPN — candidate family in procurement-check.md §5.2 (Amphenol RF, e.g. 031-6575/031-6576), 1,000+ units/candidate MPN at DigiKey, no supply risk"
"J27","Misc analog input 1 (panel BNC, /1//2 selectable)","Connector_Coaxial:BNC_PanelMountable_Vertical","NOT LOCKED — BNC family","BNC family, not locked to a specific MPN — candidate family in procurement-check.md §5.2 (Amphenol RF, e.g. 031-6575/031-6576), 1,000+ units/candidate MPN at DigiKey, no supply risk"
"J28","Misc analog input 1 (panel BNC, /1//2 selectable) -- /1//2 shunt header, BOTH legs (fix round 3, task-10b-report.md): column A (pins 1,3,5) = SIGNAL leg raw/div/mid, column B (pins 2,4,6) = SHIELD leg raw/div/mid -- confirmed 2.54mm-pitch adjacent pairs on the REAL PinHeader_2x03_P2.54mm_Vertical footprint (kicad-cli fp export svg + kicad_pcb.footprint_pads(), not just the schematic symbol -- fix round 2's Conn_02x03_Top_Bottom/row assignment assumed a pin adjacency this footprint does not actually have). Populate with ONE 2-GANG SHORTING BLOCK spanning both columns at the same row-pair -- pins 1-3 + 2-4 for x1 (direct), pins 3-5 + 4-6 for x2 (divider tap) -- NEVER two independent 1-gang shunts: that is the exact defect this header replaces (fix round 1 left it physically possible for the two legs' own jumpers to disagree; a mechanically-ganged 2-gang block makes disagreement physically impossible instead of merely documented against).","Connector_PinHeader_2.54mm:PinHeader_2x03_P2.54mm_Vertical","GENERIC — 2x03 2.54mm THT header + 2-gang shorting block","Commodity (Sullins/TE/Amphenol/Adam Tech per procurement-check.md §5.2). Populate with ONE 2-gang shorting block per design-review.md — never two independent 1-gang shunts."
"J29","Misc analog input 2 (panel BNC, /1//2 selectable)","Connector_Coaxial:BNC_PanelMountable_Vertical","NOT LOCKED — BNC family","BNC family, not locked to a specific MPN — candidate family in procurement-check.md §5.2 (Amphenol RF, e.g. 031-6575/031-6576), 1,000+ units/candidate MPN at DigiKey, no supply risk"
"J30","Misc analog input 2 (panel BNC, /1//2 selectable) -- /1//2 shunt header, BOTH legs (fix round 3, task-10b-report.md): column A (pins 1,3,5) = SIGNAL leg raw/div/mid, column B (pins 2,4,6) = SHIELD leg raw/div/mid -- confirmed 2.54mm-pitch adjacent pairs on the REAL PinHeader_2x03_P2.54mm_Vertical footprint (kicad-cli fp export svg + kicad_pcb.footprint_pads(), not just the schematic symbol -- fix round 2's Conn_02x03_Top_Bottom/row assignment assumed a pin adjacency this footprint does not actually have). Populate with ONE 2-GANG SHORTING BLOCK spanning both columns at the same row-pair -- pins 1-3 + 2-4 for x1 (direct), pins 3-5 + 4-6 for x2 (divider tap) -- NEVER two independent 1-gang shunts: that is the exact defect this header replaces (fix round 1 left it physically possible for the two legs' own jumpers to disagree; a mechanically-ganged 2-gang block makes disagreement physically impossible instead of merely documented against).","Connector_PinHeader_2.54mm:PinHeader_2x03_P2.54mm_Vertical","GENERIC — 2x03 2.54mm THT header + 2-gang shorting block","Commodity (Sullins/TE/Amphenol/Adam Tech per procurement-check.md §5.2). Populate with ONE 2-gang shorting block per design-review.md — never two independent 1-gang shunts."
"J31","Misc analog input 3 (panel BNC, /1//2 selectable)","Connector_Coaxial:BNC_PanelMountable_Vertical","NOT LOCKED — BNC family","BNC family, not locked to a specific MPN — candidate family in procurement-check.md §5.2 (Amphenol RF, e.g. 031-6575/031-6576), 1,000+ units/candidate MPN at DigiKey, no supply risk"
"J32","Misc analog input 3 (panel BNC, /1//2 selectable) -- /1//2 shunt header, BOTH legs (fix round 3, task-10b-report.md): column A (pins 1,3,5) = SIGNAL leg raw/div/mid, column B (pins 2,4,6) = SHIELD leg raw/div/mid -- confirmed 2.54mm-pitch adjacent pairs on the REAL PinHeader_2x03_P2.54mm_Vertical footprint (kicad-cli fp export svg + kicad_pcb.footprint_pads(), not just the schematic symbol -- fix round 2's Conn_02x03_Top_Bottom/row assignment assumed a pin adjacency this footprint does not actually have). Populate with ONE 2-GANG SHORTING BLOCK spanning both columns at the same row-pair -- pins 1-3 + 2-4 for x1 (direct), pins 3-5 + 4-6 for x2 (divider tap) -- NEVER two independent 1-gang shunts: that is the exact defect this header replaces (fix round 1 left it physically possible for the two legs' own jumpers to disagree; a mechanically-ganged 2-gang block makes disagreement physically impossible instead of merely documented against).","Connector_PinHeader_2.54mm:PinHeader_2x03_P2.54mm_Vertical","GENERIC — 2x03 2.54mm THT header + 2-gang shorting block","Commodity (Sullins/TE/Amphenol/Adam Tech per procurement-check.md §5.2). Populate with ONE 2-gang shorting block per design-review.md — never two independent 1-gang shunts."
"J36","Connector 0 (analog + AISENSE, recording NI)","wl-sync:MDR68_Male_RightAngle","3700-0121-01","MH Connectors, Active. Not found at DigiKey/Mouser; RS Components ~541 units and Distrelec in-stock, both search-result level (fix round 1) — procurement-check.md §5.2, §6"
"J37","Intan analog output 1 (BNC)","Connector_Coaxial:BNC_PanelMountable_Vertical","NOT LOCKED — BNC family","BNC family, not locked to a specific MPN — candidate family in procurement-check.md §5.2 (Amphenol RF, e.g. 031-6575/031-6576), 1,000+ units/candidate MPN at DigiKey, no supply risk"
"J38","Intan analog output 2 (BNC)","Connector_Coaxial:BNC_PanelMountable_Vertical","NOT LOCKED — BNC family","BNC family, not locked to a specific MPN — candidate family in procurement-check.md §5.2 (Amphenol RF, e.g. 031-6575/031-6576), 1,000+ units/candidate MPN at DigiKey, no supply risk"
"J39","Intan analog output 3 (BNC)","Connector_Coaxial:BNC_PanelMountable_Vertical","NOT LOCKED — BNC family","BNC family, not locked to a specific MPN — candidate family in procurement-check.md §5.2 (Amphenol RF, e.g. 031-6575/031-6576), 1,000+ units/candidate MPN at DigiKey, no supply risk"
"J40","Intan analog output 4 (BNC)","Connector_Coaxial:BNC_PanelMountable_Vertical","NOT LOCKED — BNC family","BNC family, not locked to a specific MPN — candidate family in procurement-check.md §5.2 (Amphenol RF, e.g. 031-6575/031-6576), 1,000+ units/candidate MPN at DigiKey, no supply risk"
"J41","Intan analog output 5 (BNC)","Connector_Coaxial:BNC_PanelMountable_Vertical","NOT LOCKED — BNC family","BNC family, not locked to a specific MPN — candidate family in procurement-check.md §5.2 (Amphenol RF, e.g. 031-6575/031-6576), 1,000+ units/candidate MPN at DigiKey, no supply risk"
"J42","Intan analog output 6 (BNC)","Connector_Coaxial:BNC_PanelMountable_Vertical","NOT LOCKED — BNC family","BNC family, not locked to a specific MPN — candidate family in procurement-check.md §5.2 (Amphenol RF, e.g. 031-6575/031-6576), 1,000+ units/candidate MPN at DigiKey, no supply risk"
"J43","Intan analog output 7 (BNC)","Connector_Coaxial:BNC_PanelMountable_Vertical","NOT LOCKED — BNC family","BNC family, not locked to a specific MPN — candidate family in procurement-check.md §5.2 (Amphenol RF, e.g. 031-6575/031-6576), 1,000+ units/candidate MPN at DigiKey, no supply risk"
"J44","Intan analog output 8 (BNC)","Connector_Coaxial:BNC_PanelMountable_Vertical","NOT LOCKED — BNC family","BNC family, not locked to a specific MPN — candidate family in procurement-check.md §5.2 (Amphenol RF, e.g. 031-6575/031-6576), 1,000+ units/candidate MPN at DigiKey, no supply risk"
"J45","Connector 1 (digital, recording NI)","wl-sync:MDR68_Male_RightAngle","3700-0121-01","MH Connectors, Active. Not found at DigiKey/Mouser; RS Components ~541 units and Distrelec in-stock, both search-result level (fix round 1) — procurement-check.md §5.2, §6"
"J46","Intan opto out: EVT_STROBE_INTAN (BNC)","Connector_Coaxial:BNC_PanelMountable_Vertical","NOT LOCKED — BNC family","BNC family, not locked to a specific MPN — candidate family in procurement-check.md §5.2 (Amphenol RF, e.g. 031-6575/031-6576), 1,000+ units/candidate MPN at DigiKey, no supply risk"
"J47","Intan opto out: BARCODE_INTAN (BNC)","Connector_Coaxial:BNC_PanelMountable_Vertical","NOT LOCKED — BNC family","BNC family, not locked to a specific MPN — candidate family in procurement-check.md §5.2 (Amphenol RF, e.g. 031-6575/031-6576), 1,000+ units/candidate MPN at DigiKey, no supply risk"
"J48","Intan opto out: RWD_CMD_INTAN (BNC)","Connector_Coaxial:BNC_PanelMountable_Vertical","NOT LOCKED — BNC family","BNC family, not locked to a specific MPN — candidate family in procurement-check.md §5.2 (Amphenol RF, e.g. 031-6575/031-6576), 1,000+ units/candidate MPN at DigiKey, no supply risk"
"J49","Intan opto out: RWD_DLVR_INTAN (BNC)","Connector_Coaxial:BNC_PanelMountable_Vertical","NOT LOCKED — BNC family","BNC family, not locked to a specific MPN — candidate family in procurement-check.md §5.2 (Amphenol RF, e.g. 031-6575/031-6576), 1,000+ units/candidate MPN at DigiKey, no supply risk"
"J50","Intan opto out: STIM_TRIG_INTAN (BNC)","Connector_Coaxial:BNC_PanelMountable_Vertical","NOT LOCKED — BNC family","BNC family, not locked to a specific MPN — candidate family in procurement-check.md §5.2 (Amphenol RF, e.g. 031-6575/031-6576), 1,000+ units/candidate MPN at DigiKey, no supply risk"
"J51","Intan RHS stim status in (BNC)","Connector_Coaxial:BNC_PanelMountable_Vertical","NOT LOCKED — BNC family","BNC family, not locked to a specific MPN — candidate family in procurement-check.md §5.2 (Amphenol RF, e.g. 031-6575/031-6576), 1,000+ units/candidate MPN at DigiKey, no supply risk"
"J52","Chassis fan 1","Connector_PinHeader_2.54mm:PinHeader_1x03_P2.54mm_Vertical","GENERIC — bare 1x03 2.54mm THT header","Any manufacturer; commodity 2.54mm pin header (Sullins/TE/Molex/Amphenol/Würth), no specific MPN required — same treatment as J7/J18. Mates with a standard 3-pin PC/Noctua-class fan plug: pin 1 GND, pin 2 +12V, pin 3 tach (deliberately NC on this board, spec Sec.9.5) — procurement-check.md addendum."
"J53","Chassis fan 2","Connector_PinHeader_2.54mm:PinHeader_1x03_P2.54mm_Vertical","GENERIC — bare 1x03 2.54mm THT header","Any manufacturer; commodity 2.54mm pin header (Sullins/TE/Molex/Amphenol/Würth), no specific MPN required — same treatment as J7/J18. Mates with a standard 3-pin PC/Noctua-class fan plug: pin 1 GND, pin 2 +12V, pin 3 tach (deliberately NC on this board, spec Sec.9.5) — procurement-check.md addendum."
"J54","Chassis fan 3","Connector_PinHeader_2.54mm:PinHeader_1x03_P2.54mm_Vertical","GENERIC — bare 1x03 2.54mm THT header","Any manufacturer; commodity 2.54mm pin header (Sullins/TE/Molex/Amphenol/Würth), no specific MPN required — same treatment as J7/J18. Mates with a standard 3-pin PC/Noctua-class fan plug: pin 1 GND, pin 2 +12V, pin 3 tach (deliberately NC on this board, spec Sec.9.5) — procurement-check.md addendum."
"J55","Chassis fan 4","Connector_PinHeader_2.54mm:PinHeader_1x03_P2.54mm_Vertical","GENERIC — bare 1x03 2.54mm THT header","Any manufacturer; commodity 2.54mm pin header (Sullins/TE/Molex/Amphenol/Würth), no specific MPN required — same treatment as J7/J18. Mates with a standard 3-pin PC/Noctua-class fan plug: pin 1 GND, pin 2 +12V, pin 3 tach (deliberately NC on this board, spec Sec.9.5) — procurement-check.md addendum."
"J56","Chassis earth stud","MountingHole:MountingHole_3.2mm_M3_Pad","GENERIC — M3 stud/screw + solder lug or ring terminal","Panel-instrumentation task (2026-08-15, spec Sec.9.8 item 1): an M3-clearance mounting hole with a connected copper pad — the mounting point the cage-to-rack bond (spec Sec.5.6) lands on. Not a single orderable MPN: an M3 stud or screw (commodity hardware) plus a solder lug/ring terminal soldered to the pad, or a panel-mount binding post/ground lug at the same position — a mechanical/procurement decision at panel-machining time, same status as the BNC/pushbutton family rows above."
"NT1-NT4","NetTie_2","NetTie:NetTie-2_SMD_Pad2.0mm","N/A — not a purchasable part","PCB net-tie artwork only (NetTie-2_SMD_Pad2.0mm); no component to order. NT1 is the AGND/DGND star point; NT2 (fan-header addendum) ties FAN_RTN to DGND at exactly one point; NT3 (panel-instrumentation task, 2026-08-15) ties CHASSIS_GND (the new earth stud, J56) to DGND at exactly one point — all three share the same footprint and non-purchasable status, folding into this one row because all three share Value NetTie_2."
"R1","90.9k","Resistor_SMD:R_0603_1608Metric","GENERIC — not a locked MPN","0603 thick-film resistor, multi-source — §5.4."
"R2,R4","10.0k","Resistor_SMD:R_0603_1608Metric","GENERIC — not a locked MPN","0603 thick-film resistor, multi-source — §5.4."
"R3","93.1k","Resistor_SMD:R_0603_1608Metric","GENERIC — not a locked MPN","0603 thick-film resistor, multi-source — §5.4."
"R5-R23,R78-R110,R187,R203-R208","100","Resistor_SMD:R_0603_1608Metric","GENERIC — not a locked MPN","0603 thick-film resistor, multi-source — §5.4."
"R24,R111,R114,R117,R190","10k","Resistor_SMD:R_0603_1608Metric","GENERIC — not a locked MPN","0603 thick-film resistor, multi-source — §5.4. R190 is comparators.kicad_sch's own channel-4 series resistor (A_MISC1 protection, populated) — added same value/footprint as R111/R114/R117, no new sourcing question."
"R25,R26","330","Resistor_SMD:R_0603_1608Metric","GENERIC — not a locked MPN","0603 thick-film resistor, multi-source — §5.4."
"R27,R35,R37,R43,R53,R55,R57,R59,R61,R67,R73","10","Resistor_SMD:R_0603_1608Metric","GENERIC — not a locked MPN","0603 thick-film resistor, multi-source — §5.4."
"R28-R34,R36,R42,R52,R54,R56,R58,R60,R66,R72","1k","Resistor_SMD:R_0603_1608Metric","GENERIC — not a locked MPN","0603 thick-film resistor, multi-source — §5.4."
"R112,R115,R118,R120","1M","Resistor_SMD:R_0603_1608Metric","GENERIC — not a locked MPN","0603 thick-film resistor, multi-source — §5.4."
"R38,R40","180k","Resistor_SMD:R_0603_1608Metric","GENERIC — not a locked MPN","0603 thick-film, 1%. NEW value at finding F3 (2026-08-16), was 1M — which demanded 11 V out of the photodiode transimpedance stage at full-scale light, twice this board's ±5 V analog convention."
"R196,R197","DNP","Resistor_SMD:R_0603_1608Metric","GENERIC — not a locked MPN","DO NOT POPULATE. Gain-trim positions in parallel with the TIA feedback resistors (R38/R40), added at finding F3 so photodiode gain can be moved at bring-up with one component — the gain rests on an estimate of display irradiance, not a measurement. Deliberately a resistor pad rather than a jumper: this is a 180k summing junction, where a mechanical contact would be a leakage and noise liability."
"R39,R41","1.6k","Resistor_SMD:R_0603_1608Metric","GENERIC — not a locked MPN","0603 thick-film resistor, multi-source — §5.4."
"R44-R47,R62-R65,R68-R71,R74-R77","10.0k 0.1%","Resistor_SMD:R_0603_1608Metric","GENERIC — not a locked MPN","0.1% precision thin-film 0603 (e.g. Yageo/Susumu/Vishay/Panasonic); not individually distributor-checked this session — confirm tolerance grade at order time."
"R48,R49","12.1k","Resistor_SMD:R_0603_1608Metric","GENERIC — not a locked MPN","0603 thick-film resistor, multi-source — §5.4."
"R50,R51","23.2k","Resistor_SMD:R_0603_1608Metric","GENERIC — not a locked MPN","0603 thick-film resistor, multi-source — §5.4."
"R122,R124,R126,R128,R130,R132,R134,R136,R138,R140,R142,R144,R146,R148,R150,R152,R154,R156,R158,R160,R162,R164,R166,R168,R171,R173,R175,R177,R179,R181","249","Resistor_SMD:R_0603_1608Metric","GENERIC — not a locked MPN","0603 thick-film resistor, multi-source — §5.4. Finding F1 (2026-08-16): was 430, which under-drove every optocoupler LED on this board (~5mA worst case against a 7.0mA I_FH minimum — the original sizing used the rail's NOMINAL 5.00V, but +5V reaches these anodes through F4 and D3). 249 is E96, so specify 1% — the tolerance is load-bearing here, unlike the outgoing 430 (E24/5%)."
"R183,R185","301","Resistor_SMD:R_0603_1608Metric","GENERIC — not a locked MPN","0603 thick-film resistor, multi-source — §5.4. NEW ROW at finding F1 (2026-08-16). These are the two LEDs fed from ISO_5V rather than +5V: ISO_5V is regulated locally with nothing in series, so the 249 used on the +5V channels would drive them past the part's 15mA ABSOLUTE maximum. E96, 1%."
"R123,R125,R127,R129,R131,R133,R135,R137,R139,R141,R143,R145,R147,R149,R151,R153,R155,R157,R159,R161,R163,R165,R167,R169,R172,R174,R176,R178,R180,R182,R184,R186","3.9k","Resistor_SMD:R_0603_1608Metric","GENERIC — not a locked MPN","0603 thick-film resistor, multi-source — §5.4."
"R170","0","Resistor_SMD:R_0603_1608Metric","N/A — 100% DNP by design","R170, the isolated-5V fallback bridge. Do NOT populate on any board built to this lock — procurement-check.md §2."
"R113,R116,R119,R121,R188,R189,R192,R193","2.2k","Resistor_SMD:R_0603_1608Metric","GENERIC — not a locked MPN","0603 thick-film resistor, multi-source — §5.4. R192/R193 added by the panel-instrumentation task (2026-08-15) — the +12V/-12V power-good LED series resistors (D40/D41's own, ~4.5mA target) — same commodity value and package as R188/R189, folds into this row."
"R198-R202","47","Resistor_SMD:R_0603_1608Metric","GENERIC — not a locked MPN","0603 thick-film, 1%. NEW at finding F4 (2026-08-16): source-termination resistors for the five camera-trigger BNCs, one per trigger. Errs high on purpose — an AHCT541's output impedance is ~25-35Ω so textbook series termination into 50Ω coax would be nearer 20Ω; 47Ω over-damps, costing a little edge rate to buy margin against a reflection re-crossing a camera's input threshold and triggering a second frame."
"R191","442k","Resistor_SMD:R_0603_1608Metric","GENERIC — not a locked MPN","0603 thick-film resistor, 1% (E96) — multi-source, commodity — §5.4. Panel-instrumentation task (2026-08-15): the reward one-shot's own Rext (U69, 74HCT123D) — 442k x 1uF (C149) gives tW~199ms at K=0.45 (VCC=5V, datasheet Table 10)."
"R194","680","Resistor_SMD:R_0603_1608Metric","GENERIC — not a locked MPN","0603 thick-film resistor, multi-source — §5.4. Panel-instrumentation task (2026-08-15): the +5V power-good LED's own series resistor (D42, ~4.4mA target)."
"R195","390","Resistor_SMD:R_0603_1608Metric","GENERIC — not a locked MPN","0603 thick-film resistor, multi-source — §5.4. Panel-instrumentation task (2026-08-15): the barcode heartbeat LED's own series resistor (D43, ~7.7mA target — see gen_breakout_pi_interface.py's own trigger-buffer section)."
"TP1","+12V","TestPoint:TestPoint_THTPad_2.0x2.0mm_Drill1.0mm","GENERIC — not a locked MPN","Bare THT pad + drill, no component to order (a probe/hook-clip point, not a purchasable part) — panel-instrumentation task (2026-08-15, spec Sec.9.8 item 4). +12V rail test point."
"TP2","-12V","TestPoint:TestPoint_THTPad_2.0x2.0mm_Drill1.0mm","GENERIC — not a locked MPN","Bare THT pad + drill, no component to order. -12V rail test point — see TP1's own note."
"TP3","+5V","TestPoint:TestPoint_THTPad_2.0x2.0mm_Drill1.0mm","GENERIC — not a locked MPN","Bare THT pad + drill, no component to order. +5V rail test point — see TP1's own note."
"TP4","+3V3","TestPoint:TestPoint_THTPad_2.0x2.0mm_Drill1.0mm","GENERIC — not a locked MPN","Bare THT pad + drill, no component to order. +3V3 rail test point — see TP1's own note."
"TP5","ISO_P12","TestPoint:TestPoint_THTPad_2.0x2.0mm_Drill1.0mm","GENERIC — not a locked MPN","Bare THT pad + drill, no component to order. ISO_P12 (isolated) rail test point — see TP1's own note."
"TP6","ISO_N12","TestPoint:TestPoint_THTPad_2.0x2.0mm_Drill1.0mm","GENERIC — not a locked MPN","Bare THT pad + drill, no component to order. ISO_N12 (isolated) rail test point — see TP1's own note."
"TP7","INTAN_GND","TestPoint:TestPoint_THTPad_2.0x2.0mm_Drill1.0mm","GENERIC — not a locked MPN","Bare THT pad + drill, no component to order. INTAN_GND — the isolated domain's own reference point, without which ISO_P12/ISO_N12 (TP5/TP6) cannot actually be measured (INTAN_GND is galvanically separate from AGND/DGND, spec Sec.5.3/5.5) — see gen_breakout_power.py's own _place_rail_test_points() docstring."
"U1","LD1117S33TR_SOT223","Package_TO_SOT_SMD:SOT-223-3_TabPin2","LD1117S33TR","STMicroelectronics, Active, DigiKey in stock, ships today — §5.3."
"U2","IH1215D","Converter_DCDC:Converter_DCDC_XP_POWER-IHxxxxD_THT","IH1215D","XP Power. CONFIRMED correct as written, fix round 1: suffix is package only (S=SIP-7, D=DIP-14), whole family is dual-output regardless. DigiKey: 0 direct / ~38 via Marketplace, 16-wk factory lead — §5.3/§6. Sole supply for the Intan-isolated domain."
"U3","TPS7A4901","Package_SO:HVSSOP-8-1EP_3x3mm_P0.65mm_EP1.57x1.89mm","TPS7A4901DGNR","TI. Mixed stock signal in this check (one listing 'ships today', another 'backorder'); low volume (5) — §5.3."
"U4","TPS7A3001","Package_SO:HVSSOP-8-1EP_3x3mm_P0.65mm_EP1.57x1.89mm","TPS7A3001DGNR","TI, low volume (5) — §5.3."
"U5-U7,U14","SN74LVC541APW","Package_SO:Texas_PW0020A_TSSOP-20_4.4x6.5mm_P0.65mm","SN74LVC541APW","TI. Already a complete orderable code, Active, listed — §5.3."
"U8-U11,U15,U70-U75","SN74AHCT541PW","Package_SO:Texas_PW0020A_TSSOP-20_4.4x6.5mm_P0.65mm","SN74AHCT541PWR","TI, Active. Swapped from SN74HCT541PW (8mA IOL vs 6mA — see design-review.md) — identical pinout/footprint, same TSSOP-20. Unlike SN74HCT541PW, DigiKey does not list a bare non-reel -PW SKU for this part; order the -PWR (tape & reel) code."
"U12","SN74HCT32D","Package_SO:SOIC-14_3.9x8.7mm_P1.27mm","SN74HCT32D","TI. Already complete, Active, listed — §5.3."
"U13","SN74HCT14D","Package_SO:SOIC-14_3.9x8.7mm_P1.27mm","SN74HCT14DR","TI. CORRECTED — bare `SN74HCT14D` is obsolete; `SN74HCT14DR` (tape-and-reel) is Active — §4."
"U16-U21,U24-U30,U39,U41,U43,U45,U47,U49,U51,U53","INA105KU","Package_SO:SOIC-8_3.9x4.9mm_P1.27mm","INA105KU/2K5","TI. CORRECTED — bare `INA105KU` is obsolete; `INA105KU/2K5` (tape-and-reel) is Active, 3,085 in stock at DigiKey — §4."
"U22","OPA2197IDR","Package_SO:SOIC-8_3.9x4.9mm_P1.27mm","OPA2197IDR","TI. Already complete, Active — §5.3."
"U23","OPA4197IDR","Package_SO:SOIC-14_3.9x8.7mm_P1.27mm","OPA4197IDR","TI. Already complete, Active — §5.3."
"U31-U37","OPA4192IDR","Package_SO:SOIC-14_3.9x8.7mm_P1.27mm","OPA4192IDR","TI. Already complete, Active, 884 in stock at DigiKey. Placed on an OPA4197xD symbol as a deliberate, verified override — see procurement-check.md §3; the Value string itself is the orderable code."
"U38,U40,U42,U44,U46,U48,U50,U52","ADG1206YRUZ","Package_SO:TSSOP-28_4.4x9.7mm_P0.65mm","ADG1206YRUZ-REEL7","Analog Devices. CORRECTED — bare code is packaging-ambiguous; `-REEL7` (tape-and-reel) is what a machine placement run needs. Fix round 1: NOT scarce — 0 at DigiKey but 713 at Arrow, 86 at LCSC (search-level). Pin-compatible alternate: `ADG5206` (`ADG5206BRUZ`, ~4,000 at DigiKey, search-level) — §5.1/§6. Order the specified part; ADG5206 is a fallback only, not a substitution (that would be a schematic change)."
"U54","LM339","Package_SO:SOIC-14_3.9x8.7mm_P1.27mm","LM339AD","TI. COMPLETED — bare `LM339` is a family name, not an orderable suffix; `LM339AD` in stock, ships same day — §4/§5.1."
"U55","MCP4728","Package_SO:MSOP-10_3x3mm_P0.5mm","MCP4728-E/UN","Microchip. COMPLETED, in stock, ships same day. MSOP-10/0.5mm — the board's one hand-solder-pitch exception (spec §10.1) — §4/§5.1."
"U56-U61,U64","ACSL-6400-00TE","Package_SO:SOIC-16_3.9x9.9mm_P1.27mm","ACSL-6400-00TE","Broadcom. Already complete, Active, 8,037 in stock at DigiKey — §5.1."
"U62","TMA-0505S","Converter_DCDC:Converter_DCDC_TRACO_TMA-05xxS_12xxS_Single_THT","TMA-0505S","Traco Power. DNP by design (isolated-5V fallback) — not populated on any board built to this lock unless bench testing changes that. In stock at DigiKey if ever needed — §5.3."
"U63","TMR 1-0511","Converter_DCDC:Converter_DCDC_TRACO_TMR-1-xxxx_Single_THT","TMR 1-0511","Traco Power. NEW at finding F5 (2026-08-16), replacing the LD1117S50TR_SOT223 that regulated ISO_P12 down to 5V. Fully regulated isolated 1W DC/DC, 4.5-9V in / 5V 200mA out, 1500 VDC isolation, SIP-6 through-hole. CHOSEN OVER the TMA-0505S the audit named (already on the board as U62) because the TMA series is UNREGULATED: at ISO_5V's 31-46% load its output would rise toward 5.5V, exactly the ACSL-6xx0's VDD absolute maximum, and would push finding F1's 301R ISO_5V LED resistors to 14.3mA against a 15mA absolute maximum. Confirm stock before ordering; this is the only new part number the audit implementation has added."
"U65","ACSL-6420-00TE","Package_SO:SOIC-16_3.9x9.9mm_P1.27mm","ACSL-6420-00TE","Broadcom. Already complete, Active, 733 in stock at DigiKey (17-wk mfr lead, covered by current stock) — §5.1."
"U66","MCP2221A","Package_SO:SOIC-14_3.9x8.7mm_P1.27mm","MCP2221A","Microchip. Package suffix (e.g. -I/SL, SOIC-14 per this BOM's Footprint column) not independently distributor-confirmed this session — verify exact suffix at order time. §5.3."
"U67","MCP23017 (I2C 0x20)","Package_SO:SOIC-28W_7.5x17.9mm_P1.27mm","MCP23017","Microchip. Package suffix (e.g. -E/SO, SOIC-28W per this BOM's Footprint column) not independently distributor-confirmed this session — verify at order time. §5.3."
"U68","MCP23017 (I2C 0x21)","Package_SO:SOIC-28W_7.5x17.9mm_P1.27mm","MCP23017","Microchip. Package suffix (e.g. -E/SO, SOIC-28W per this BOM's Footprint column) not independently distributor-confirmed this session — verify at order time. §5.3."
"U69","74HCT123D","Package_SO:SOIC-16_3.9x9.9mm_P1.27mm","74HCT123D","Nexperia. Active, current production — 74HCT123D,653 confirmed in stock at DigiKey (8,232 units), Mouser (4,769 immediate + 10,000 on order), and TME, checked 2026-08-15. NOT a TI part: TI's own catalog entry for this function (CD74HCT123M/MT) is OBSOLETE — checked and rejected before choosing Nexperia, not assumed from the symbol's own generic '74HCT123' library name. Panel-instrumentation task's own reward one-shot (spec Sec.3.1) — see gen_breakout_taskpc_digital.py's own place_reward_oneshot() docstring for the full pin-map verification and part selection."
