"Reference","Value","Footprint","MPN","Manufacturer","Qty"
"C1,C3,C5,C8,C10,C11,C14,C16,C17,C20,C133,C135,C136,C138,C147,C155","10uF","Capacitor_SMD:C_0805_2012Metric,Capacitor_SMD:C_1206_3216Metric","","",""
"C2,C4,C6,C7,C9,C15,C21-C28,C30-C47,C52,C53,C58-C132,C134,C137,C139-C143,C145,C146,C148,C150-C154,C156","100nF","Capacitor_SMD:C_0603_1608Metric","","",""
"C12,C13,C18,C19","10nF","Capacitor_SMD:C_0603_1608Metric","","",""
"C29,C149","1uF","Capacitor_SMD:C_0603_1608Metric","","",""
"C48,C50","22pF","Capacitor_SMD:C_0603_1608Metric","","",""
"C49,C51","6.8nF","Capacitor_SMD:C_0603_1608Metric","","",""
"C54","1.2nF","Capacitor_SMD:C_0603_1608Metric","","",""
"C55","1.0nF","Capacitor_SMD:C_0603_1608Metric","","",""
"C56","1.5nF","Capacitor_SMD:C_0603_1608Metric","","",""
"C57","220pF","Capacitor_SMD:C_0603_1608Metric","","",""
"C144","220nF","Capacitor_SMD:C_0603_1608Metric","","",""
"D1-D3,D44","SS14","Diode_SMD:D_SMA_Handsoldering","","",""
"D4-D39","BAT54S","Package_TO_SOT_SMD:SOT-23","","",""
"D40-D43","LED","LED_SMD:LED_0603_1608Metric_Pad1.05x0.95mm_HandSolder","","",""
"F1-F3","1206L050/15YR","Fuse:Fuse_1206_3216Metric_Pad1.42x1.75mm_HandSolder","","",""
"F4","1206L110-C","Fuse:Fuse_1206_3216Metric_Pad1.42x1.75mm_HandSolder","","",""
"FB1-FB3","600R@100MHz","Inductor_SMD:L_0805_2012Metric,Inductor_SMD:L_0805_2012Metric_Pad1.05x1.20mm_HandSolder","","",""
"J1","M12A_5","wl-sync:M12A_5_Panel","","",""
"J2","Connector 0 (analog + AISENSE, task PC NI)","wl-sync:MDR68_Male_RightAngle","","",""
"J3","Connector 1 (digital, task PC NI)","wl-sync:MDR68_Male_RightAngle","","",""
"J4","Manual reward button (panel, recessed)","Button_Switch_THT:SW_PUSH-12mm","","",""
"J5","Remote reward BNC (parallel to panel button; locking -- no TRS mating transient)","Connector_Coaxial:BNC_PanelMountable_Vertical","","",""
"J6","Reward driver out (BNC)","Connector_Coaxial:BNC_PanelMountable_Vertical","","",""
"J7","Sync-module 40-pin GPIO header (Raspberry Pi 5 / CM5 IO Board -- see module docstring)","Connector_PinHeader_2.54mm:PinHeader_2x20_P2.54mm_Vertical","","",""
"J8","Barcode -> NI optocoupler (Task 11 placeholder)","Connector_PinHeader_2.54mm:PinHeader_1x02_P2.54mm_Vertical","","",""
"J9","Barcode -> Intan optocoupler (Task 11 placeholder)","Connector_PinHeader_2.54mm:PinHeader_1x02_P2.54mm_Vertical","","",""
"J10","Barcode spare 1","Connector_PinHeader_2.54mm:PinHeader_1x02_P2.54mm_Vertical","","",""
"J11","Barcode spare 2","Connector_PinHeader_2.54mm:PinHeader_1x02_P2.54mm_Vertical","","",""
"J12","Barcode spare 3","Connector_PinHeader_2.54mm:PinHeader_1x02_P2.54mm_Vertical","","",""
"J13","Eye camera trigger out (BNC)","Connector_Coaxial:BNC_PanelMountable_Vertical","","",""
"J14","Behavior camera trigger out 1 (BNC)","Connector_Coaxial:BNC_PanelMountable_Vertical","","",""
"J15","Behavior camera trigger out 2 (BNC)","Connector_Coaxial:BNC_PanelMountable_Vertical","","",""
"J16","Behavior camera trigger out 3 (BNC)","Connector_Coaxial:BNC_PanelMountable_Vertical","","",""
"J17","Behavior camera trigger out 4 (BNC)","Connector_Coaxial:BNC_PanelMountable_Vertical","","",""
"J18","Internal USB-A (sync-module port -> Task 12 USB-I2C bridge)","Connector_PinHeader_2.54mm:PinHeader_1x04_P2.54mm_Vertical","","",""
"J19","ACCES I/O USB-AO16-8A mating DB37 -- six eye channels (spec Sec.3.2)","Connector_Dsub:DSUB-37_Pins_Horizontal_P2.77x2.84mm_EdgePinOffset9.90mm_Housed_MountingHolesOffset11.32mm","","",""
"J20","Photodiode 1 (passive, coax, photovoltaic mode)","Connector_Coaxial:BNC_PanelMountable_Vertical","","",""
"J21","Photodiode 2 (passive, coax, photovoltaic mode)","Connector_Coaxial:BNC_PanelMountable_Vertical","","",""
"J22","Microphone (battery-powered, in booth)","Connector_Coaxial:BNC_PanelMountable_Vertical","","",""
"J23","Ambient light sensor (battery-powered, in booth)","Connector_Coaxial:BNC_PanelMountable_Vertical","","",""
"J24","Accelerometer motion energy (battery-powered custom device)","Connector_Coaxial:BNC_PanelMountable_Vertical","","",""
"J25","Joystick X (battery-powered, in booth)","Connector_Coaxial:BNC_PanelMountable_Vertical","","",""
"J26","Joystick Y (battery-powered, in booth)","Connector_Coaxial:BNC_PanelMountable_Vertical","","",""
"J27","Misc analog input 1 (panel BNC, /1//2 selectable)","Connector_Coaxial:BNC_PanelMountable_Vertical","","",""
"J28","Misc analog input 1 (panel BNC, /1//2 selectable) -- /1//2 shunt header, BOTH legs (fix round 3, task-10b-report.md): column A (pins 1,3,5) = SIGNAL leg raw/div/mid, column B (pins 2,4,6) = SHIELD leg raw/div/mid -- confirmed 2.54mm-pitch adjacent pairs on the REAL PinHeader_2x03_P2.54mm_Vertical footprint (kicad-cli fp export svg + kicad_pcb.footprint_pads(), not just the schematic symbol -- fix round 2's Conn_02x03_Top_Bottom/row assignment assumed a pin adjacency this footprint does not actually have). Populate with ONE 2-GANG SHORTING BLOCK spanning both columns at the same row-pair -- pins 1-3 + 2-4 for x1 (direct), pins 3-5 + 4-6 for x2 (divider tap) -- NEVER two independent 1-gang shunts: that is the exact defect this header replaces (fix round 1 left it physically possible for the two legs' own jumpers to disagree; a mechanically-ganged 2-gang block makes disagreement physically impossible instead of merely documented against).","Connector_PinHeader_2.54mm:PinHeader_2x03_P2.54mm_Vertical","","",""
"J29","Misc analog input 2 (panel BNC, /1//2 selectable)","Connector_Coaxial:BNC_PanelMountable_Vertical","","",""
"J30","Misc analog input 2 (panel BNC, /1//2 selectable) -- /1//2 shunt header, BOTH legs (fix round 3, task-10b-report.md): column A (pins 1,3,5) = SIGNAL leg raw/div/mid, column B (pins 2,4,6) = SHIELD leg raw/div/mid -- confirmed 2.54mm-pitch adjacent pairs on the REAL PinHeader_2x03_P2.54mm_Vertical footprint (kicad-cli fp export svg + kicad_pcb.footprint_pads(), not just the schematic symbol -- fix round 2's Conn_02x03_Top_Bottom/row assignment assumed a pin adjacency this footprint does not actually have). Populate with ONE 2-GANG SHORTING BLOCK spanning both columns at the same row-pair -- pins 1-3 + 2-4 for x1 (direct), pins 3-5 + 4-6 for x2 (divider tap) -- NEVER two independent 1-gang shunts: that is the exact defect this header replaces (fix round 1 left it physically possible for the two legs' own jumpers to disagree; a mechanically-ganged 2-gang block makes disagreement physically impossible instead of merely documented against).","Connector_PinHeader_2.54mm:PinHeader_2x03_P2.54mm_Vertical","","",""
"J31","Misc analog input 3 (panel BNC, /1//2 selectable)","Connector_Coaxial:BNC_PanelMountable_Vertical","","",""
"J32","Misc analog input 3 (panel BNC, /1//2 selectable) -- /1//2 shunt header, BOTH legs (fix round 3, task-10b-report.md): column A (pins 1,3,5) = SIGNAL leg raw/div/mid, column B (pins 2,4,6) = SHIELD leg raw/div/mid -- confirmed 2.54mm-pitch adjacent pairs on the REAL PinHeader_2x03_P2.54mm_Vertical footprint (kicad-cli fp export svg + kicad_pcb.footprint_pads(), not just the schematic symbol -- fix round 2's Conn_02x03_Top_Bottom/row assignment assumed a pin adjacency this footprint does not actually have). Populate with ONE 2-GANG SHORTING BLOCK spanning both columns at the same row-pair -- pins 1-3 + 2-4 for x1 (direct), pins 3-5 + 4-6 for x2 (divider tap) -- NEVER two independent 1-gang shunts: that is the exact defect this header replaces (fix round 1 left it physically possible for the two legs' own jumpers to disagree; a mechanically-ganged 2-gang block makes disagreement physically impossible instead of merely documented against).","Connector_PinHeader_2.54mm:PinHeader_2x03_P2.54mm_Vertical","","",""
"J36","Connector 0 (analog + AISENSE, recording NI)","wl-sync:MDR68_Male_RightAngle","","",""
"J37","Intan analog output 1 (BNC)","Connector_Coaxial:BNC_PanelMountable_Vertical","","",""
"J38","Intan analog output 2 (BNC)","Connector_Coaxial:BNC_PanelMountable_Vertical","","",""
"J39","Intan analog output 3 (BNC)","Connector_Coaxial:BNC_PanelMountable_Vertical","","",""
"J40","Intan analog output 4 (BNC)","Connector_Coaxial:BNC_PanelMountable_Vertical","","",""
"J41","Intan analog output 5 (BNC)","Connector_Coaxial:BNC_PanelMountable_Vertical","","",""
"J42","Intan analog output 6 (BNC)","Connector_Coaxial:BNC_PanelMountable_Vertical","","",""
"J43","Intan analog output 7 (BNC)","Connector_Coaxial:BNC_PanelMountable_Vertical","","",""
"J44","Intan analog output 8 (BNC)","Connector_Coaxial:BNC_PanelMountable_Vertical","","",""
"J45","Connector 1 (digital, recording NI)","wl-sync:MDR68_Male_RightAngle","","",""
"J46","Intan opto out: EVT_STROBE_INTAN (BNC)","Connector_Coaxial:BNC_PanelMountable_Vertical","","",""
"J47","Intan opto out: BARCODE_INTAN (BNC)","Connector_Coaxial:BNC_PanelMountable_Vertical","","",""
"J48","Intan opto out: RWD_CMD_INTAN (BNC)","Connector_Coaxial:BNC_PanelMountable_Vertical","","",""
"J49","Intan opto out: RWD_DLVR_INTAN (BNC)","Connector_Coaxial:BNC_PanelMountable_Vertical","","",""
"J50","Intan opto out: STIM_TRIG_INTAN (BNC)","Connector_Coaxial:BNC_PanelMountable_Vertical","","",""
"J51","Intan RHS stim status in (BNC)","Connector_Coaxial:BNC_PanelMountable_Vertical","","",""
"J52","Chassis fan 1","Connector_PinHeader_2.54mm:PinHeader_1x03_P2.54mm_Vertical","","",""
"J53","Chassis fan 2","Connector_PinHeader_2.54mm:PinHeader_1x03_P2.54mm_Vertical","","",""
"J54","Chassis fan 3","Connector_PinHeader_2.54mm:PinHeader_1x03_P2.54mm_Vertical","","",""
"J55","Chassis fan 4","Connector_PinHeader_2.54mm:PinHeader_1x03_P2.54mm_Vertical","","",""
"J56","Chassis earth stud","MountingHole:MountingHole_3.2mm_M3_Pad","","",""
"NT1-NT4","NetTie_2","NetTie:NetTie-2_SMD_Pad2.0mm","","",""
"R1","90.9k","Resistor_SMD:R_0603_1608Metric","","",""
"R2,R4","10.0k","Resistor_SMD:R_0603_1608Metric","","",""
"R3","93.1k","Resistor_SMD:R_0603_1608Metric","","",""
"R5-R23,R78-R110,R187","100","Resistor_SMD:R_0603_1608Metric","","",""
"R24,R111,R114,R117,R190","10k","Resistor_SMD:R_0603_1608Metric","","",""
"R25,R26","330","Resistor_SMD:R_0603_1608Metric","","",""
"R27,R35,R37,R43,R53,R55,R57,R59,R61,R67,R73","10","Resistor_SMD:R_0603_1608Metric","","",""
"R28-R34,R36,R42,R52,R54,R56,R58,R60,R66,R72","1k","Resistor_SMD:R_0603_1608Metric","","",""
"R112,R115,R118,R120","1M","Resistor_SMD:R_0603_1608Metric","","",""
"R38,R40","180k","Resistor_SMD:R_0603_1608Metric","","",""
"R196,R197","DNP","Resistor_SMD:R_0603_1608Metric","","",""
"R39,R41","1.6k","Resistor_SMD:R_0603_1608Metric","","",""
"R44-R47,R62-R65,R68-R71,R74-R77","10.0k 0.1%","Resistor_SMD:R_0603_1608Metric","","",""
"R48,R49","12.1k","Resistor_SMD:R_0603_1608Metric","","",""
"R50,R51","23.2k","Resistor_SMD:R_0603_1608Metric","","",""
"R122,R124,R126,R128,R130,R132,R134,R136,R138,R140,R142,R144,R146,R148,R150,R152,R154,R156,R158,R160,R162,R164,R166,R168,R171,R173,R175,R177,R179,R181","249","Resistor_SMD:R_0603_1608Metric","","",""
"R183,R185","301","Resistor_SMD:R_0603_1608Metric","","",""
"R123,R125,R127,R129,R131,R133,R135,R137,R139,R141,R143,R145,R147,R149,R151,R153,R155,R157,R159,R161,R163,R165,R167,R169,R172,R174,R176,R178,R180,R182,R184,R186","3.9k","Resistor_SMD:R_0603_1608Metric","","",""
"R170","0","Resistor_SMD:R_0603_1608Metric","","",""
"R113,R116,R119,R121,R188,R189,R192,R193","2.2k","Resistor_SMD:R_0603_1608Metric","","",""
"R191","442k","Resistor_SMD:R_0603_1608Metric","","",""
"R194","680","Resistor_SMD:R_0603_1608Metric","","",""
"R195","390","Resistor_SMD:R_0603_1608Metric","","",""
"TP1","+12V","TestPoint:TestPoint_THTPad_2.0x2.0mm_Drill1.0mm","","",""
"TP2","-12V","TestPoint:TestPoint_THTPad_2.0x2.0mm_Drill1.0mm","","",""
"TP3","+5V","TestPoint:TestPoint_THTPad_2.0x2.0mm_Drill1.0mm","","",""
"TP4","+3V3","TestPoint:TestPoint_THTPad_2.0x2.0mm_Drill1.0mm","","",""
"TP5","ISO_P12","TestPoint:TestPoint_THTPad_2.0x2.0mm_Drill1.0mm","","",""
"TP6","ISO_N12","TestPoint:TestPoint_THTPad_2.0x2.0mm_Drill1.0mm","","",""
"TP7","INTAN_GND","TestPoint:TestPoint_THTPad_2.0x2.0mm_Drill1.0mm","","",""
"U1","LD1117S33TR_SOT223","Package_TO_SOT_SMD:SOT-223-3_TabPin2","","",""
"U2","IH1215D","Converter_DCDC:Converter_DCDC_XP_POWER-IHxxxxD_THT","","",""
"U3","TPS7A4901","Package_SO:HVSSOP-8-1EP_3x3mm_P0.65mm_EP1.57x1.89mm","","",""
"U4","TPS7A3001","Package_SO:HVSSOP-8-1EP_3x3mm_P0.65mm_EP1.57x1.89mm","","",""
"U5-U7,U14","SN74LVC541APW","Package_SO:Texas_PW0020A_TSSOP-20_4.4x6.5mm_P0.65mm","","",""
"U8-U11,U15,U70-U73","SN74AHCT541PW","Package_SO:Texas_PW0020A_TSSOP-20_4.4x6.5mm_P0.65mm","","",""
"U12","SN74HCT32D","Package_SO:SOIC-14_3.9x8.7mm_P1.27mm","","",""
"U13","SN74HCT14D","Package_SO:SOIC-14_3.9x8.7mm_P1.27mm","","",""
"U16-U21,U24-U30,U39,U41,U43,U45,U47,U49,U51,U53","INA105KU","Package_SO:SOIC-8_3.9x4.9mm_P1.27mm","","",""
"U22","OPA2197IDR","Package_SO:SOIC-8_3.9x4.9mm_P1.27mm","","",""
"U23","OPA4197IDR","Package_SO:SOIC-14_3.9x8.7mm_P1.27mm","","",""
"U31-U37","OPA4192IDR","Package_SO:SOIC-14_3.9x8.7mm_P1.27mm","","",""
"U38,U40,U42,U44,U46,U48,U50,U52","ADG1206YRUZ","Package_SO:TSSOP-28_4.4x9.7mm_P0.65mm","","",""
"U54","LM339","Package_SO:SOIC-14_3.9x8.7mm_P1.27mm","","",""
"U55","MCP4728","Package_SO:MSOP-10_3x3mm_P0.5mm","","",""
"U56-U61,U64","ACSL-6400-00TE","Package_SO:SOIC-16_3.9x9.9mm_P1.27mm","","",""
"U62","TMA-0505S","Converter_DCDC:Converter_DCDC_TRACO_TMA-05xxS_12xxS_Single_THT","","",""
"U63","TMR 1-0511","Converter_DCDC:Converter_DCDC_TRACO_TMR-1-xxxx_Single_THT","","",""
"U65","ACSL-6420-00TE","Package_SO:SOIC-16_3.9x9.9mm_P1.27mm","","",""
"U66","MCP2221A","Package_SO:SOIC-14_3.9x8.7mm_P1.27mm","","",""
"U67","MCP23017 (I2C 0x20)","Package_SO:SOIC-28W_7.5x17.9mm_P1.27mm","","",""
"U68","MCP23017 (I2C 0x21)","Package_SO:SOIC-28W_7.5x17.9mm_P1.27mm","","",""
"U69","74HCT123D","Package_SO:SOIC-16_3.9x9.9mm_P1.27mm","","",""
